{"duration": {"mean": 47.97930249928647, "sd": 707.7464723053743}, "src_bytes": {"mean": 3025.6102959185946, "sd": 988218.1010503921}, "dst_bytes": {"mean": 868.5324247349809, "sd": 33040.00125210266}, "wrong_fragment": {"mean": 0.0064329249161472896, "sd": 0.1348052480050905}, "urgent": {"mean": 1.4169438141293589e-05, "sd": 0.005510257926739878}, "hot": {"mean": 0.03451877551763994, "sd": 0.7821025819213391}, "num_failed_logins": {"mean": 0.00015181540865671702, "sd": 0.01551959690293321}, "num_compromised": {"mean": 0.010212116488975164, "sd": 1.79832625755023}, "root_shell": {"mean": 0.00011133129968159248, "sd": 0.010550788139096231}, "su_attempted": {"mean": 3.6435698077612086e-05, "sd": 0.007792622076193927}, "num_root": {"mean": 0.01135174415662492, "sd": 2.0127183255818006}, "num_file_creations": {"mean": 0.0010829499150845814, "sd": 0.0964158786853933}, "num_shells": {"mean": 0.00010930709423283626, "sd": 0.011020010195335482}, "num_access_files": {"mean": 0.001008054313480601, "sd": 0.0364816900078032}, "num_outbound_cmds": {"mean": 0.0, "sd": 0.0}, "count": {"mean": 332.2856902844211, "sd": 213.1474121303449}, "srv_count": {"mean": 292.9065566038691, "sd": 246.3228174043531}, "serror_rate": {"mean": 0.17668665906914888, "sd": 0.3807169563384557}, "srv_serror_rate": {"mean": 0.17660880812758972, "sd": 0.3810165844724818}, "rerror_rate": {"mean": 0.05743340870124954, "sd": 0.23162347378248616}, "srv_rerror_rate": {"mean": 0.057718943121851086, "sd": 0.2321469813767535}, "same_srv_rate": {"mean": 0.7915473431291384, "sd": 0.38818949304007533}, "diff_srv_rate": {"mean": 0.02098238738839038, "sd": 0.08220549289757488}, "srv_diff_host_rate": {"mean": 0.028996803779596424, "sd": 0.14239746702005093}, "dst_host_count": {"mean": 232.47077755803903, "sd": 64.74538037222248}, "dst_host_srv_count": {"mean": 188.66567008285074, "sd": 106.04043710192344}, "dst_host_same_srv_rate": {"mean": 0.75377969762419, "sd": 0.41078097742684594}, "dst_host_diff_srv_rate": {"mean": 0.030905730728045974, "sd": 0.10925911221797148}, "dst_host_same_src_port_rate": {"mean": 0.6019347558099757, "sd": 0.4813092511906118}, "dst_host_srv_diff_host_rate": {"mean": 0.006683501308648823, "sd": 0.042132874415858224}, "dst_host_serror_rate": {"mean": 0.17675396390032003, "sd": 0.38059309751276066}, "dst_host_srv_serror_rate": {"mean": 0.17644262086024684, "sd": 0.3809194480560902}, "dst_host_rerror_rate": {"mean": 0.05811761038498364, "sd": 0.23058950706744513}, "dst_host_srv_rerror_rate": {"mean": 0.05741166873472991, "sd": 0.23014032392212538}}